scene,site,location,ego_trackId,partner_slot,partner_trackId,pet_s,min_gap_m,onset_k
220,00,4,343,1,344,0.560,0.55,33
400,00,4,76,1,81,0.800,0.10,38
800,00,4,294,1,293,0.640,0.72,29
940,00,4,353,1,354,0.000,3.95,0
1040,00,4,155,1,152,0.640,1.84,8
2180,00,4,345,1,325,0.560,0.37,35
2400,00,4,325,1,345,0.560,0.50,32
5220,02,4,19,5,12,0.720,2.21,30
5240,02,4,257,2,258,0.560,0.25,49
5420,02,4,64,1,69,0.800,0.05,0
6100,02,4,9,1,12,0.000,3.73,49
6240,02,4,143,1,144,0.800,0.36,26
6380,02,4,12,1,21,0.000,0.70,27
6980,02,4,302,4,298,0.400,2.38,15
7780,03,4,255,3,256,0.800,0.19,16
8740,03,4,103,1,102,0.800,0.06,15
9180,03,4,103,1,102,0.960,0.73,0
9980,04,4,100,1,102,0.720,0.85,14
10300,04,4,22,1,23,0.800,1.07,23
10960,05,4,201,1,202,0.880,1.13,23
11140,05,4,213,1,215,0.480,1.66,31
11200,05,4,201,2,202,0.880,0.71,30
12280,05,4,201,2,202,0.880,0.47,36
12860,06,4,136,1,135,0.320,1.57,4
13600,06,4,310,1,313,0.000,0.88,27
13760,06,4,276,1,280,0.480,3.08,0
14200,06,4,58,1,56,0.800,1.86,24
15080,06,4,135,1,136,0.320,0.55,25
15120,06,4,310,1,313,0.000,0.61,31
16300,08,1,100,1,104,0.320,3.06,7
16920,08,1,100,1,104,0.320,3.06,15
17240,08,1,100,1,104,0.320,3.06,4
17460,08,1,227,1,228,0.720,0.31,42
17480,08,1,228,1,227,0.720,0.28,40
18640,09,1,121,2,129,0.960,1.85,26
20040,11,1,39,2,41,0.000,2.77,40
20740,11,1,300,3,297,0.720,0.07,16
21200,12,1,371,1,378,0.000,4.41,49
21640,12,1,371,1,378,0.000,3.85,49
22300,12,1,362,1,398,0.000,4.32,7
22320,12,1,56,1,58,0.000,3.02,6
22980,12,1,371,1,400,0.000,4.77,49
23060,12,1,362,2,398,0.000,5.30,49
23080,12,1,303,2,287,0.000,6.52,49
23140,12,1,141,1,146,0.000,2.37,0
23660,13,1,348,3,351,0.880,2.99,37
23680,13,1,316,2,318,0.800,1.16,27
23720,13,1,247,2,265,0.560,4.93,49
24300,13,1,157,1,158,0.640,2.12,9
24360,13,1,158,1,157,0.640,0.04,28
24380,13,1,324,1,348,0.000,4.95,49
25860,13,1,348,3,351,0.880,0.06,18
25940,13,1,189,2,181,0.000,2.89,41
26080,14,1,146,1,147,0.800,0.41,49
26240,14,1,112,7,113,0.000,6.09,49
26260,14,1,98,6,111,0.000,5.23,49
26400,14,1,98,6,112,0.000,5.23,49
26420,14,1,230,2,231,0.000,3.52,38
26580,14,1,103,1,107,0.000,0.97,0
26860,14,1,103,3,107,0.000,2.45,18
27360,14,1,146,1,147,0.720,0.39,37
27400,14,1,230,2,231,0.000,3.53,21
27640,14,1,301,1,299,0.000,0.12,0
29280,15,1,170,1,164,0.000,1.34,3
29620,08,1,123,2,-1,0.000,2.65,35
29880,15,1,164,1,170,0.000,0.29,19
29920,15,1,188,3,192,0.000,3.10,8
30180,16,1,393,1,395,0.000,3.61,3
30240,16,1,305,1,303,0.000,2.54,0
30420,16,1,297,3,308,0.000,5.18,49
30800,16,1,116,2,123,0.000,3.77,49
31080,16,1,231,1,225,0.880,0.09,18
31380,16,1,388,2,374,0.880,2.80,35
31540,16,1,305,1,303,0.000,2.86,0
31560,16,1,404,1,399,0.000,2.74,27
31940,16,1,324,1,326,0.000,4.14,49
32000,16,1,303,1,308,0.240,2.82,9
32360,16,1,95,1,94,0.400,0.05,18
32580,17,1,275,1,279,0.000,3.37,0
32980,17,1,224,3,227,0.560,0.20,15
33680,17,1,215,1,214,0.800,1.04,44
33760,17,1,221,1,220,0.960,0.97,20
34600,18,2,335,1,336,0.800,2.65,33
34720,18,2,424,1,418,0.000,2.60,32
35360,18,2,343,1,341,0.640,1.57,9
35560,18,2,296,1,307,0.480,0.18,11
35680,18,2,111,1,113,0.000,14.78,49
35780,18,2,418,4,424,0.000,3.57,45
36040,18,2,292,1,294,0.800,3.00,0
36160,18,2,39,1,46,0.000,2.21,30
36820,18,2,341,1,343,0.720,0.26,22
36940,18,2,284,1,286,0.720,2.71,5
37020,18,2,419,1,417,0.000,0.13,49
38600,19,2,29,2,32,0.800,1.93,29
39000,19,2,324,1,326,0.000,0.19,0
39740,20,2,183,2,184,0.880,0.06,6
39800,20,2,176,1,180,0.000,0.04,0
40140,20,2,73,1,72,0.640,0.24,49
40600,20,2,73,1,72,0.480,0.24,49
40820,20,2,412,1,413,0.960,0.05,27
41160,20,2,190,2,192,0.800,2.08,11
42120,21,2,532,3,529,0.000,0.03,40
42320,21,2,347,2,346,0.000,0.55,26
42460,21,2,380,2,383,0.560,3.22,39
43160,21,2,42,1,45,0.800,2.90,7
43220,21,2,532,1,529,0.000,0.43,8
43500,21,2,533,2,535,0.960,0.36,28
44020,21,2,45,1,42,0.720,2.58,11
44040,21,2,536,4,533,0.000,0.02,25
44920,22,2,255,1,256,0.960,2.84,35
44960,22,2,52,4,56,0.000,0.81,49
45100,22,2,56,1,52,0.160,0.41,9
45200,22,2,353,1,357,0.480,3.00,41
45280,22,2,71,1,62,0.720,0.07,9
45580,22,2,357,1,353,0.480,0.14,26
45980,22,2,539,5,549,0.000,2.46,38
46360,22,2,461,1,464,0.240,2.53,13
46420,22,2,56,3,52,0.160,0.39,18
46460,22,2,301,2,291,0.000,2.52,41
46480,22,2,67,4,73,0.880,2.57,37
46560,22,2,56,3,52,0.160,0.35,29
47000,22,2,403,2,401,0.000,0.30,16
47440,23,2,148,1,152,0.080,0.06,5
47460,23,2,197,1,192,0.000,2.29,25
47800,23,2,152,1,148,0.960,2.25,16
47940,23,2,130,3,129,0.480,2.55,34
47960,23,2,132,3,129,0.320,2.45,22
48100,23,2,497,1,501,0.160,2.47,45
48180,23,2,220,1,230,0.000,2.43,6
48200,23,2,148,2,155,0.960,0.13,25
48300,23,2,129,1,126,0.000,2.52,30
48420,23,2,497,1,501,0.160,2.50,24
48540,23,2,192,2,197,0.000,2.78,49
48580,23,2,155,2,148,0.960,0.10,24
48700,23,2,197,1,192,0.000,2.57,0
48960,23,2,184,3,187,0.000,4.08,49
49040,23,2,197,1,192,0.000,2.41,29
49140,23,2,192,1,197,0.000,2.50,0
49360,23,2,130,4,129,0.320,2.96,49
49400,23,2,129,2,130,0.320,2.43,4
49460,23,2,124,1,129,0.000,1.92,24
49780,24,2,336,1,338,0.000,2.74,14
50160,24,2,338,1,336,0.000,2.77,4
50180,24,2,336,1,338,0.000,2.73,16
50720,24,2,130,2,151,0.480,2.96,45
50980,24,2,151,1,130,0.400,1.67,36
51120,24,2,136,1,131,0.720,1.24,49
51580,24,2,130,2,151,0.400,0.17,25
51620,24,2,124,1,121,0.800,1.13,25
52200,25,2,65,3,66,0.240,4.83,49
52300,25,2,526,3,532,0.000,0.73,24
52560,25,2,464,1,465,0.320,2.59,35
53660,25,2,459,3,460,0.880,3.02,38
54040,25,2,212,3,214,0.000,2.15,28
54120,25,2,526,2,532,0.000,2.10,15
54420,25,2,464,1,465,0.320,3.43,45
54720,26,2,77,2,88,0.000,2.47,17
54860,26,2,302,1,304,0.880,0.31,13
54960,26,2,212,1,208,0.000,10.07,49
54980,26,2,342,1,333,0.720,0.93,11
55080,26,2,332,1,349,0.400,3.49,11
55140,26,2,307,3,309,0.720,0.26,27
55520,26,2,88,2,77,0.000,2.48,4
55540,26,2,389,1,390,0.960,0.12,39
55720,26,2,306,1,309,0.000,0.09,1
55860,26,2,139,2,147,0.240,1.03,49
55980,26,2,128,1,131,0.880,2.49,13
56140,26,2,34,1,36,0.720,0.32,0
56180,26,2,121,2,117,0.240,0.04,21
56260,26,2,454,2,456,0.960,0.65,33
56660,26,2,275,2,273,0.240,0.02,17
56700,26,2,349,1,332,0.400,0.01,7
56960,26,2,515,4,516,0.000,0.65,45
58400,27,2,493,1,495,0.000,2.77,46
58580,27,2,163,2,168,0.640,1.72,15
58720,27,2,500,1,499,0.560,2.54,1
59120,27,2,478,1,475,0.160,2.12,2
60160,28,2,44,1,42,0.320,0.66,42
60340,28,2,117,1,121,0.480,0.40,49
60360,28,2,411,3,413,0.000,2.35,25
60520,26,2,69,1,-1,0.160,2.56,0
60580,28,2,52,3,51,0.000,0.75,31
60760,28,2,44,1,42,0.720,0.40,49
61040,28,2,101,1,102,0.880,0.25,9
61140,28,2,52,1,54,0.720,1.11,0
61340,28,2,478,1,464,0.000,2.50,0
61380,28,2,413,1,411,0.000,0.04,1
61800,28,2,69,1,71,0.480,1.70,18
62280,29,2,519,1,515,0.320,1.99,38
62560,29,2,451,2,443,0.800,0.94,29
62640,29,2,273,1,281,0.080,2.20,7
63100,29,2,445,1,443,0.000,0.84,12
63560,29,2,138,1,139,0.720,0.01,46
63780,29,2,245,1,241,0.000,0.23,8
63840,29,2,273,1,281,0.160,3.16,0
64140,29,2,445,2,448,0.000,2.40,16
64320,29,2,281,1,273,0.080,0.13,27
64520,29,2,443,1,445,0.480,0.06,24
64540,30,3,40,3,39,0.000,3.37,49
64560,30,3,39,4,40,0.000,2.90,49
65400,30,3,130,1,127,0.720,0.19,17
65700,30,3,130,1,127,0.720,0.19,23
65880,30,3,39,4,40,0.000,5.50,49
66320,30,3,130,1,127,0.720,3.21,40
67280,31,3,311,4,315,0.240,0.86,30
67580,31,3,337,1,339,0.000,3.02,12
67880,31,3,339,1,337,0.000,6.23,35
68000,31,3,372,1,367,0.720,0.07,49
68340,31,3,372,1,367,0.640,0.29,47
68680,32,3,391,2,420,0.560,0.14,26
68700,32,3,275,3,262,0.000,0.38,49
68880,32,3,50,1,46,0.000,0.05,0
69500,32,3,72,3,46,0.560,0.29,24
69680,32,3,53,1,46,0.000,2.61,0
69760,32,3,311,1,309,0.960,1.09,4
70420,32,3,46,1,62,0.000,2.91,0
70440,32,3,309,1,311,0.960,1.16,3
71040,32,3,46,1,54,0.000,2.64,0
